<?xml version="1.0" encoding="utf-8"?>
<ApplicationInstallerManifest>
   <DefaultInstallationDirectory>%ProgramFiles%\Shaheen\Term_Project\</DefaultInstallationDirectory>
   <ApplicationName>Term_Project</ApplicationName>
   <ExecutableName>application\Term_Project.exe</ExecutableName>
   <GUID>5da2e42c-64f1-4c1a-8d73-c890ef35a0a1</GUID>
   <ApplicationIcon>default_icon_48.png</ApplicationIcon>
   <Logo>default_logo.png</Logo>
   <Version>1.0</Version>
   <AddRemoveProgramIcon>application\default_icon.ico</AddRemoveProgramIcon>
   <AuthorOrganization>Shaheen</AuthorOrganization>
   <WelcomePanelText>Term_Project 1.0
Ahmed Shaheen
ahmed21502@gmail.com</WelcomePanelText>
   <MCRProducts>
      <MCRProduct>
         <ExternalProductIdentifier>35000</ExternalProductIdentifier>
      </MCRProduct>
      <MCRProduct>
         <ExternalProductIdentifier>35010</ExternalProductIdentifier>
      </MCRProduct>
   </MCRProducts>
</ApplicationInstallerManifest>